xyfilename,sizecontrol,constMortans,mcruns,runtime,output_years,gridformat,gridsampling,summaryOutput,cdclimgentime,mate_cdmat,matemoveno,matemoveparA,matemoveparB,matemoveparC,matemovethresh,migrateout_cdmat,migratemoveOutno,migratemoveOutparA,migratemoveOutparB,migratemoveOutparC,migratemoveOutthresh,migrateback_cdmat,migratemoveBackno,migratemoveBackparA,migratemoveBackparB,migratemoveBackparC,migratemoveBackthresh,stray_cdmat,StrayBackno,StrayBackparA,StrayBackparB,StrayBackparC,StrayBackthresh,disperseLocal_cdmat,disperseLocalno,disperseLocalparA,disperseLocalparB,disperseLocalparC,disperseLocalthresh,HomeAttempt,sexans,selfans,Freplace,Mreplace,AssortativeMate_Model,AssortativeMate_Factor,mature_length_set,mature_defaultAge,mature_eqn_slope,mature_eqn_int,offno,offans_InheritClassVars,equalClutchSize,eggFrequency,Egg_Mean_ans,Egg_Mean_par1,Egg_Mean_par2,Egg_Mortality,Egg_Mortality_StDev,Egg_FemalePercent,startGenes,loci,alleles,muterate,mutationtype,mtdna,cdevolveans,startSelection,implementSelection,cdinfect,transmissionprob,growth_option,growth_Loo,growth_R0,growth_temp_max,growth_temp_CV,growth_temp_t0,popmodel,popmodel_par1,correlation_matrix,subpopmort_file
Patchvars/Four-two/PatchEBT415_suppression_4-2_26.csv,Y,2,1,120,1,cdpop,Sample,N,0|20|21|22|23|24|25|26|27|28|29|30|31|32|33|34|35|36|37|38|39|40|41|42|43|44|45|46|47|48|49|50|51|52|53|54|55|56|57|58|59|60|61|62|63|64|65|66|67|68|69|70|71|72|73|74|75|76|77|78|79|80|81|82|83|84|85|86|87|88|89|90|91|92|93|94|95|96|97|98|99|100|101|102|103|104|105|106|107|108|109|110|111|112|113|114|115|116|117|118|119,Pareto_RiverineX2017Barrier_Mate_1km.csv,9,1.346,202.4846,1,3280,Pareto_RiverineX2017Barrier.csv,9,1.346,202.4846,1,max,Pareto_RiverineX2017Barrier.csv,9,1.346,202.4846,1,max,Pareto_RiverineX2017Barrier.csv,9,1.346,202.4846,1,max,Pareto_RiverineX2017Barrier.csv,9,1.346,202.4846,1,max,stray_natalPop,Y,N,N,Y,4,1,N,6~6~1,0.0539,-6.313~-6.313~-33,2,mother,Y,1,linear,-445,3.78,80,0,N,10,2,2,0,random,N,Hindex_Step_0;1;1,0,packing,N,0,temperature,400,0.47,10.5,0.33,-0.075,packing_1,-0.6821,N,N
Patchvars/Four-two/PatchEBT415_suppression_4-2_27.csv,Y,2,1,120,1,cdpop,Sample,N,0|20|21|22|23|24|25|26|27|28|29|30|31|32|33|34|35|36|37|38|39|40|41|42|43|44|45|46|47|48|49|50|51|52|53|54|55|56|57|58|59|60|61|62|63|64|65|66|67|68|69|70|71|72|73|74|75|76|77|78|79|80|81|82|83|84|85|86|87|88|89|90|91|92|93|94|95|96|97|98|99|100|101|102|103|104|105|106|107|108|109|110|111|112|113|114|115|116|117|118|119,Pareto_RiverineX2017Barrier_Mate_1km.csv,9,1.346,202.4846,1,3280,Pareto_RiverineX2017Barrier.csv,9,1.346,202.4846,1,max,Pareto_RiverineX2017Barrier.csv,9,1.346,202.4846,1,max,Pareto_RiverineX2017Barrier.csv,9,1.346,202.4846,1,max,Pareto_RiverineX2017Barrier.csv,9,1.346,202.4846,1,max,stray_natalPop,Y,N,N,Y,4,1,N,6~6~1,0.0539,-6.313~-6.313~-33,2,mother,Y,1,linear,-445,3.78,80,0,N,10,2,2,0,random,N,Hindex_Step_0;1;1,0,packing,N,0,temperature,400,0.47,10.5,0.33,-0.075,packing_1,-0.6821,N,N
Patchvars/Four-two/PatchEBT415_suppression_4-2_28.csv,Y,2,1,120,1,cdpop,Sample,N,0|20|21|22|23|24|25|26|27|28|29|30|31|32|33|34|35|36|37|38|39|40|41|42|43|44|45|46|47|48|49|50|51|52|53|54|55|56|57|58|59|60|61|62|63|64|65|66|67|68|69|70|71|72|73|74|75|76|77|78|79|80|81|82|83|84|85|86|87|88|89|90|91|92|93|94|95|96|97|98|99|100|101|102|103|104|105|106|107|108|109|110|111|112|113|114|115|116|117|118|119,Pareto_RiverineX2017Barrier_Mate_1km.csv,9,1.346,202.4846,1,3280,Pareto_RiverineX2017Barrier.csv,9,1.346,202.4846,1,max,Pareto_RiverineX2017Barrier.csv,9,1.346,202.4846,1,max,Pareto_RiverineX2017Barrier.csv,9,1.346,202.4846,1,max,Pareto_RiverineX2017Barrier.csv,9,1.346,202.4846,1,max,stray_natalPop,Y,N,N,Y,4,1,N,6~6~1,0.0539,-6.313~-6.313~-33,2,mother,Y,1,linear,-445,3.78,80,0,N,10,2,2,0,random,N,Hindex_Step_0;1;1,0,packing,N,0,temperature,400,0.47,10.5,0.33,-0.075,packing_1,-0.6821,N,N
Patchvars/Four-two/PatchEBT415_suppression_4-2_29.csv,Y,2,1,120,1,cdpop,Sample,N,0|20|21|22|23|24|25|26|27|28|29|30|31|32|33|34|35|36|37|38|39|40|41|42|43|44|45|46|47|48|49|50|51|52|53|54|55|56|57|58|59|60|61|62|63|64|65|66|67|68|69|70|71|72|73|74|75|76|77|78|79|80|81|82|83|84|85|86|87|88|89|90|91|92|93|94|95|96|97|98|99|100|101|102|103|104|105|106|107|108|109|110|111|112|113|114|115|116|117|118|119,Pareto_RiverineX2017Barrier_Mate_1km.csv,9,1.346,202.4846,1,3280,Pareto_RiverineX2017Barrier.csv,9,1.346,202.4846,1,max,Pareto_RiverineX2017Barrier.csv,9,1.346,202.4846,1,max,Pareto_RiverineX2017Barrier.csv,9,1.346,202.4846,1,max,Pareto_RiverineX2017Barrier.csv,9,1.346,202.4846,1,max,stray_natalPop,Y,N,N,Y,4,1,N,6~6~1,0.0539,-6.313~-6.313~-33,2,mother,Y,1,linear,-445,3.78,80,0,N,10,2,2,0,random,N,Hindex_Step_0;1;1,0,packing,N,0,temperature,400,0.47,10.5,0.33,-0.075,packing_1,-0.6821,N,N
Patchvars/Four-two/PatchEBT415_suppression_4-2_30.csv,Y,2,1,120,1,cdpop,Sample,N,0|20|21|22|23|24|25|26|27|28|29|30|31|32|33|34|35|36|37|38|39|40|41|42|43|44|45|46|47|48|49|50|51|52|53|54|55|56|57|58|59|60|61|62|63|64|65|66|67|68|69|70|71|72|73|74|75|76|77|78|79|80|81|82|83|84|85|86|87|88|89|90|91|92|93|94|95|96|97|98|99|100|101|102|103|104|105|106|107|108|109|110|111|112|113|114|115|116|117|118|119,Pareto_RiverineX2017Barrier_Mate_1km.csv,9,1.346,202.4846,1,3280,Pareto_RiverineX2017Barrier.csv,9,1.346,202.4846,1,max,Pareto_RiverineX2017Barrier.csv,9,1.346,202.4846,1,max,Pareto_RiverineX2017Barrier.csv,9,1.346,202.4846,1,max,Pareto_RiverineX2017Barrier.csv,9,1.346,202.4846,1,max,stray_natalPop,Y,N,N,Y,4,1,N,6~6~1,0.0539,-6.313~-6.313~-33,2,mother,Y,1,linear,-445,3.78,80,0,N,10,2,2,0,random,N,Hindex_Step_0;1;1,0,packing,N,0,temperature,400,0.47,10.5,0.33,-0.075,packing_1,-0.6821,N,N
Patchvars/Four-two/PatchEBT415_suppression_4-2_31.csv,Y,2,1,120,1,cdpop,Sample,N,0|20|21|22|23|24|25|26|27|28|29|30|31|32|33|34|35|36|37|38|39|40|41|42|43|44|45|46|47|48|49|50|51|52|53|54|55|56|57|58|59|60|61|62|63|64|65|66|67|68|69|70|71|72|73|74|75|76|77|78|79|80|81|82|83|84|85|86|87|88|89|90|91|92|93|94|95|96|97|98|99|100|101|102|103|104|105|106|107|108|109|110|111|112|113|114|115|116|117|118|119,Pareto_RiverineX2017Barrier_Mate_1km.csv,9,1.346,202.4846,1,3280,Pareto_RiverineX2017Barrier.csv,9,1.346,202.4846,1,max,Pareto_RiverineX2017Barrier.csv,9,1.346,202.4846,1,max,Pareto_RiverineX2017Barrier.csv,9,1.346,202.4846,1,max,Pareto_RiverineX2017Barrier.csv,9,1.346,202.4846,1,max,stray_natalPop,Y,N,N,Y,4,1,N,6~6~1,0.0539,-6.313~-6.313~-33,2,mother,Y,1,linear,-445,3.78,80,0,N,10,2,2,0,random,N,Hindex_Step_0;1;1,0,packing,N,0,temperature,400,0.47,10.5,0.33,-0.075,packing_1,-0.6821,N,N
Patchvars/Four-two/PatchEBT415_suppression_4-2_32.csv,Y,2,1,120,1,cdpop,Sample,N,0|20|21|22|23|24|25|26|27|28|29|30|31|32|33|34|35|36|37|38|39|40|41|42|43|44|45|46|47|48|49|50|51|52|53|54|55|56|57|58|59|60|61|62|63|64|65|66|67|68|69|70|71|72|73|74|75|76|77|78|79|80|81|82|83|84|85|86|87|88|89|90|91|92|93|94|95|96|97|98|99|100|101|102|103|104|105|106|107|108|109|110|111|112|113|114|115|116|117|118|119,Pareto_RiverineX2017Barrier_Mate_1km.csv,9,1.346,202.4846,1,3280,Pareto_RiverineX2017Barrier.csv,9,1.346,202.4846,1,max,Pareto_RiverineX2017Barrier.csv,9,1.346,202.4846,1,max,Pareto_RiverineX2017Barrier.csv,9,1.346,202.4846,1,max,Pareto_RiverineX2017Barrier.csv,9,1.346,202.4846,1,max,stray_natalPop,Y,N,N,Y,4,1,N,6~6~1,0.0539,-6.313~-6.313~-33,2,mother,Y,1,linear,-445,3.78,80,0,N,10,2,2,0,random,N,Hindex_Step_0;1;1,0,packing,N,0,temperature,400,0.47,10.5,0.33,-0.075,packing_1,-0.6821,N,N
Patchvars/Four-two/PatchEBT415_suppression_4-2_33.csv,Y,2,1,120,1,cdpop,Sample,N,0|20|21|22|23|24|25|26|27|28|29|30|31|32|33|34|35|36|37|38|39|40|41|42|43|44|45|46|47|48|49|50|51|52|53|54|55|56|57|58|59|60|61|62|63|64|65|66|67|68|69|70|71|72|73|74|75|76|77|78|79|80|81|82|83|84|85|86|87|88|89|90|91|92|93|94|95|96|97|98|99|100|101|102|103|104|105|106|107|108|109|110|111|112|113|114|115|116|117|118|119,Pareto_RiverineX2017Barrier_Mate_1km.csv,9,1.346,202.4846,1,3280,Pareto_RiverineX2017Barrier.csv,9,1.346,202.4846,1,max,Pareto_RiverineX2017Barrier.csv,9,1.346,202.4846,1,max,Pareto_RiverineX2017Barrier.csv,9,1.346,202.4846,1,max,Pareto_RiverineX2017Barrier.csv,9,1.346,202.4846,1,max,stray_natalPop,Y,N,N,Y,4,1,N,6~6~1,0.0539,-6.313~-6.313~-33,2,mother,Y,1,linear,-445,3.78,80,0,N,10,2,2,0,random,N,Hindex_Step_0;1;1,0,packing,N,0,temperature,400,0.47,10.5,0.33,-0.075,packing_1,-0.6821,N,N
Patchvars/Four-two/PatchEBT415_suppression_4-2_34.csv,Y,2,1,120,1,cdpop,Sample,N,0|20|21|22|23|24|25|26|27|28|29|30|31|32|33|34|35|36|37|38|39|40|41|42|43|44|45|46|47|48|49|50|51|52|53|54|55|56|57|58|59|60|61|62|63|64|65|66|67|68|69|70|71|72|73|74|75|76|77|78|79|80|81|82|83|84|85|86|87|88|89|90|91|92|93|94|95|96|97|98|99|100|101|102|103|104|105|106|107|108|109|110|111|112|113|114|115|116|117|118|119,Pareto_RiverineX2017Barrier_Mate_1km.csv,9,1.346,202.4846,1,3280,Pareto_RiverineX2017Barrier.csv,9,1.346,202.4846,1,max,Pareto_RiverineX2017Barrier.csv,9,1.346,202.4846,1,max,Pareto_RiverineX2017Barrier.csv,9,1.346,202.4846,1,max,Pareto_RiverineX2017Barrier.csv,9,1.346,202.4846,1,max,stray_natalPop,Y,N,N,Y,4,1,N,6~6~1,0.0539,-6.313~-6.313~-33,2,mother,Y,1,linear,-445,3.78,80,0,N,10,2,2,0,random,N,Hindex_Step_0;1;1,0,packing,N,0,temperature,400,0.47,10.5,0.33,-0.075,packing_1,-0.6821,N,N
Patchvars/Four-two/PatchEBT415_suppression_4-2_35.csv,Y,2,1,120,1,cdpop,Sample,N,0|20|21|22|23|24|25|26|27|28|29|30|31|32|33|34|35|36|37|38|39|40|41|42|43|44|45|46|47|48|49|50|51|52|53|54|55|56|57|58|59|60|61|62|63|64|65|66|67|68|69|70|71|72|73|74|75|76|77|78|79|80|81|82|83|84|85|86|87|88|89|90|91|92|93|94|95|96|97|98|99|100|101|102|103|104|105|106|107|108|109|110|111|112|113|114|115|116|117|118|119,Pareto_RiverineX2017Barrier_Mate_1km.csv,9,1.346,202.4846,1,3280,Pareto_RiverineX2017Barrier.csv,9,1.346,202.4846,1,max,Pareto_RiverineX2017Barrier.csv,9,1.346,202.4846,1,max,Pareto_RiverineX2017Barrier.csv,9,1.346,202.4846,1,max,Pareto_RiverineX2017Barrier.csv,9,1.346,202.4846,1,max,stray_natalPop,Y,N,N,Y,4,1,N,6~6~1,0.0539,-6.313~-6.313~-33,2,mother,Y,1,linear,-445,3.78,80,0,N,10,2,2,0,random,N,Hindex_Step_0;1;1,0,packing,N,0,temperature,400,0.47,10.5,0.33,-0.075,packing_1,-0.6821,N,N
Patchvars/Four-two/PatchEBT415_suppression_4-2_36.csv,Y,2,1,120,1,cdpop,Sample,N,0|20|21|22|23|24|25|26|27|28|29|30|31|32|33|34|35|36|37|38|39|40|41|42|43|44|45|46|47|48|49|50|51|52|53|54|55|56|57|58|59|60|61|62|63|64|65|66|67|68|69|70|71|72|73|74|75|76|77|78|79|80|81|82|83|84|85|86|87|88|89|90|91|92|93|94|95|96|97|98|99|100|101|102|103|104|105|106|107|108|109|110|111|112|113|114|115|116|117|118|119,Pareto_RiverineX2017Barrier_Mate_1km.csv,9,1.346,202.4846,1,3280,Pareto_RiverineX2017Barrier.csv,9,1.346,202.4846,1,max,Pareto_RiverineX2017Barrier.csv,9,1.346,202.4846,1,max,Pareto_RiverineX2017Barrier.csv,9,1.346,202.4846,1,max,Pareto_RiverineX2017Barrier.csv,9,1.346,202.4846,1,max,stray_natalPop,Y,N,N,Y,4,1,N,6~6~1,0.0539,-6.313~-6.313~-33,2,mother,Y,1,linear,-445,3.78,80,0,N,10,2,2,0,random,N,Hindex_Step_0;1;1,0,packing,N,0,temperature,400,0.47,10.5,0.33,-0.075,packing_1,-0.6821,N,N
Patchvars/Four-two/PatchEBT415_suppression_4-2_37.csv,Y,2,1,120,1,cdpop,Sample,N,0|20|21|22|23|24|25|26|27|28|29|30|31|32|33|34|35|36|37|38|39|40|41|42|43|44|45|46|47|48|49|50|51|52|53|54|55|56|57|58|59|60|61|62|63|64|65|66|67|68|69|70|71|72|73|74|75|76|77|78|79|80|81|82|83|84|85|86|87|88|89|90|91|92|93|94|95|96|97|98|99|100|101|102|103|104|105|106|107|108|109|110|111|112|113|114|115|116|117|118|119,Pareto_RiverineX2017Barrier_Mate_1km.csv,9,1.346,202.4846,1,3280,Pareto_RiverineX2017Barrier.csv,9,1.346,202.4846,1,max,Pareto_RiverineX2017Barrier.csv,9,1.346,202.4846,1,max,Pareto_RiverineX2017Barrier.csv,9,1.346,202.4846,1,max,Pareto_RiverineX2017Barrier.csv,9,1.346,202.4846,1,max,stray_natalPop,Y,N,N,Y,4,1,N,6~6~1,0.0539,-6.313~-6.313~-33,2,mother,Y,1,linear,-445,3.78,80,0,N,10,2,2,0,random,N,Hindex_Step_0;1;1,0,packing,N,0,temperature,400,0.47,10.5,0.33,-0.075,packing_1,-0.6821,N,N
Patchvars/Four-two/PatchEBT415_suppression_4-2_38.csv,Y,2,1,120,1,cdpop,Sample,N,0|20|21|22|23|24|25|26|27|28|29|30|31|32|33|34|35|36|37|38|39|40|41|42|43|44|45|46|47|48|49|50|51|52|53|54|55|56|57|58|59|60|61|62|63|64|65|66|67|68|69|70|71|72|73|74|75|76|77|78|79|80|81|82|83|84|85|86|87|88|89|90|91|92|93|94|95|96|97|98|99|100|101|102|103|104|105|106|107|108|109|110|111|112|113|114|115|116|117|118|119,Pareto_RiverineX2017Barrier_Mate_1km.csv,9,1.346,202.4846,1,3280,Pareto_RiverineX2017Barrier.csv,9,1.346,202.4846,1,max,Pareto_RiverineX2017Barrier.csv,9,1.346,202.4846,1,max,Pareto_RiverineX2017Barrier.csv,9,1.346,202.4846,1,max,Pareto_RiverineX2017Barrier.csv,9,1.346,202.4846,1,max,stray_natalPop,Y,N,N,Y,4,1,N,6~6~1,0.0539,-6.313~-6.313~-33,2,mother,Y,1,linear,-445,3.78,80,0,N,10,2,2,0,random,N,Hindex_Step_0;1;1,0,packing,N,0,temperature,400,0.47,10.5,0.33,-0.075,packing_1,-0.6821,N,N
Patchvars/Four-two/PatchEBT415_suppression_4-2_39.csv,Y,2,1,120,1,cdpop,Sample,N,0|20|21|22|23|24|25|26|27|28|29|30|31|32|33|34|35|36|37|38|39|40|41|42|43|44|45|46|47|48|49|50|51|52|53|54|55|56|57|58|59|60|61|62|63|64|65|66|67|68|69|70|71|72|73|74|75|76|77|78|79|80|81|82|83|84|85|86|87|88|89|90|91|92|93|94|95|96|97|98|99|100|101|102|103|104|105|106|107|108|109|110|111|112|113|114|115|116|117|118|119,Pareto_RiverineX2017Barrier_Mate_1km.csv,9,1.346,202.4846,1,3280,Pareto_RiverineX2017Barrier.csv,9,1.346,202.4846,1,max,Pareto_RiverineX2017Barrier.csv,9,1.346,202.4846,1,max,Pareto_RiverineX2017Barrier.csv,9,1.346,202.4846,1,max,Pareto_RiverineX2017Barrier.csv,9,1.346,202.4846,1,max,stray_natalPop,Y,N,N,Y,4,1,N,6~6~1,0.0539,-6.313~-6.313~-33,2,mother,Y,1,linear,-445,3.78,80,0,N,10,2,2,0,random,N,Hindex_Step_0;1;1,0,packing,N,0,temperature,400,0.47,10.5,0.33,-0.075,packing_1,-0.6821,N,N
Patchvars/Four-two/PatchEBT415_suppression_4-2_40.csv,Y,2,1,120,1,cdpop,Sample,N,0|20|21|22|23|24|25|26|27|28|29|30|31|32|33|34|35|36|37|38|39|40|41|42|43|44|45|46|47|48|49|50|51|52|53|54|55|56|57|58|59|60|61|62|63|64|65|66|67|68|69|70|71|72|73|74|75|76|77|78|79|80|81|82|83|84|85|86|87|88|89|90|91|92|93|94|95|96|97|98|99|100|101|102|103|104|105|106|107|108|109|110|111|112|113|114|115|116|117|118|119,Pareto_RiverineX2017Barrier_Mate_1km.csv,9,1.346,202.4846,1,3280,Pareto_RiverineX2017Barrier.csv,9,1.346,202.4846,1,max,Pareto_RiverineX2017Barrier.csv,9,1.346,202.4846,1,max,Pareto_RiverineX2017Barrier.csv,9,1.346,202.4846,1,max,Pareto_RiverineX2017Barrier.csv,9,1.346,202.4846,1,max,stray_natalPop,Y,N,N,Y,4,1,N,6~6~1,0.0539,-6.313~-6.313~-33,2,mother,Y,1,linear,-445,3.78,80,0,N,10,2,2,0,random,N,Hindex_Step_0;1;1,0,packing,N,0,temperature,400,0.47,10.5,0.33,-0.075,packing_1,-0.6821,N,N
Patchvars/Four-two/PatchEBT415_suppression_4-2_41.csv,Y,2,1,120,1,cdpop,Sample,N,0|20|21|22|23|24|25|26|27|28|29|30|31|32|33|34|35|36|37|38|39|40|41|42|43|44|45|46|47|48|49|50|51|52|53|54|55|56|57|58|59|60|61|62|63|64|65|66|67|68|69|70|71|72|73|74|75|76|77|78|79|80|81|82|83|84|85|86|87|88|89|90|91|92|93|94|95|96|97|98|99|100|101|102|103|104|105|106|107|108|109|110|111|112|113|114|115|116|117|118|119,Pareto_RiverineX2017Barrier_Mate_1km.csv,9,1.346,202.4846,1,3280,Pareto_RiverineX2017Barrier.csv,9,1.346,202.4846,1,max,Pareto_RiverineX2017Barrier.csv,9,1.346,202.4846,1,max,Pareto_RiverineX2017Barrier.csv,9,1.346,202.4846,1,max,Pareto_RiverineX2017Barrier.csv,9,1.346,202.4846,1,max,stray_natalPop,Y,N,N,Y,4,1,N,6~6~1,0.0539,-6.313~-6.313~-33,2,mother,Y,1,linear,-445,3.78,80,0,N,10,2,2,0,random,N,Hindex_Step_0;1;1,0,packing,N,0,temperature,400,0.47,10.5,0.33,-0.075,packing_1,-0.6821,N,N
Patchvars/Four-two/PatchEBT415_suppression_4-2_42.csv,Y,2,1,120,1,cdpop,Sample,N,0|20|21|22|23|24|25|26|27|28|29|30|31|32|33|34|35|36|37|38|39|40|41|42|43|44|45|46|47|48|49|50|51|52|53|54|55|56|57|58|59|60|61|62|63|64|65|66|67|68|69|70|71|72|73|74|75|76|77|78|79|80|81|82|83|84|85|86|87|88|89|90|91|92|93|94|95|96|97|98|99|100|101|102|103|104|105|106|107|108|109|110|111|112|113|114|115|116|117|118|119,Pareto_RiverineX2017Barrier_Mate_1km.csv,9,1.346,202.4846,1,3280,Pareto_RiverineX2017Barrier.csv,9,1.346,202.4846,1,max,Pareto_RiverineX2017Barrier.csv,9,1.346,202.4846,1,max,Pareto_RiverineX2017Barrier.csv,9,1.346,202.4846,1,max,Pareto_RiverineX2017Barrier.csv,9,1.346,202.4846,1,max,stray_natalPop,Y,N,N,Y,4,1,N,6~6~1,0.0539,-6.313~-6.313~-33,2,mother,Y,1,linear,-445,3.78,80,0,N,10,2,2,0,random,N,Hindex_Step_0;1;1,0,packing,N,0,temperature,400,0.47,10.5,0.33,-0.075,packing_1,-0.6821,N,N
Patchvars/Four-two/PatchEBT415_suppression_4-2_43.csv,Y,2,1,120,1,cdpop,Sample,N,0|20|21|22|23|24|25|26|27|28|29|30|31|32|33|34|35|36|37|38|39|40|41|42|43|44|45|46|47|48|49|50|51|52|53|54|55|56|57|58|59|60|61|62|63|64|65|66|67|68|69|70|71|72|73|74|75|76|77|78|79|80|81|82|83|84|85|86|87|88|89|90|91|92|93|94|95|96|97|98|99|100|101|102|103|104|105|106|107|108|109|110|111|112|113|114|115|116|117|118|119,Pareto_RiverineX2017Barrier_Mate_1km.csv,9,1.346,202.4846,1,3280,Pareto_RiverineX2017Barrier.csv,9,1.346,202.4846,1,max,Pareto_RiverineX2017Barrier.csv,9,1.346,202.4846,1,max,Pareto_RiverineX2017Barrier.csv,9,1.346,202.4846,1,max,Pareto_RiverineX2017Barrier.csv,9,1.346,202.4846,1,max,stray_natalPop,Y,N,N,Y,4,1,N,6~6~1,0.0539,-6.313~-6.313~-33,2,mother,Y,1,linear,-445,3.78,80,0,N,10,2,2,0,random,N,Hindex_Step_0;1;1,0,packing,N,0,temperature,400,0.47,10.5,0.33,-0.075,packing_1,-0.6821,N,N
Patchvars/Four-two/PatchEBT415_suppression_4-2_44.csv,Y,2,1,120,1,cdpop,Sample,N,0|20|21|22|23|24|25|26|27|28|29|30|31|32|33|34|35|36|37|38|39|40|41|42|43|44|45|46|47|48|49|50|51|52|53|54|55|56|57|58|59|60|61|62|63|64|65|66|67|68|69|70|71|72|73|74|75|76|77|78|79|80|81|82|83|84|85|86|87|88|89|90|91|92|93|94|95|96|97|98|99|100|101|102|103|104|105|106|107|108|109|110|111|112|113|114|115|116|117|118|119,Pareto_RiverineX2017Barrier_Mate_1km.csv,9,1.346,202.4846,1,3280,Pareto_RiverineX2017Barrier.csv,9,1.346,202.4846,1,max,Pareto_RiverineX2017Barrier.csv,9,1.346,202.4846,1,max,Pareto_RiverineX2017Barrier.csv,9,1.346,202.4846,1,max,Pareto_RiverineX2017Barrier.csv,9,1.346,202.4846,1,max,stray_natalPop,Y,N,N,Y,4,1,N,6~6~1,0.0539,-6.313~-6.313~-33,2,mother,Y,1,linear,-445,3.78,80,0,N,10,2,2,0,random,N,Hindex_Step_0;1;1,0,packing,N,0,temperature,400,0.47,10.5,0.33,-0.075,packing_1,-0.6821,N,N
Patchvars/Four-two/PatchEBT415_suppression_4-2_45.csv,Y,2,1,120,1,cdpop,Sample,N,0|20|21|22|23|24|25|26|27|28|29|30|31|32|33|34|35|36|37|38|39|40|41|42|43|44|45|46|47|48|49|50|51|52|53|54|55|56|57|58|59|60|61|62|63|64|65|66|67|68|69|70|71|72|73|74|75|76|77|78|79|80|81|82|83|84|85|86|87|88|89|90|91|92|93|94|95|96|97|98|99|100|101|102|103|104|105|106|107|108|109|110|111|112|113|114|115|116|117|118|119,Pareto_RiverineX2017Barrier_Mate_1km.csv,9,1.346,202.4846,1,3280,Pareto_RiverineX2017Barrier.csv,9,1.346,202.4846,1,max,Pareto_RiverineX2017Barrier.csv,9,1.346,202.4846,1,max,Pareto_RiverineX2017Barrier.csv,9,1.346,202.4846,1,max,Pareto_RiverineX2017Barrier.csv,9,1.346,202.4846,1,max,stray_natalPop,Y,N,N,Y,4,1,N,6~6~1,0.0539,-6.313~-6.313~-33,2,mother,Y,1,linear,-445,3.78,80,0,N,10,2,2,0,random,N,Hindex_Step_0;1;1,0,packing,N,0,temperature,400,0.47,10.5,0.33,-0.075,packing_1,-0.6821,N,N
Patchvars/Four-two/PatchEBT415_suppression_4-2_46.csv,Y,2,1,120,1,cdpop,Sample,N,0|20|21|22|23|24|25|26|27|28|29|30|31|32|33|34|35|36|37|38|39|40|41|42|43|44|45|46|47|48|49|50|51|52|53|54|55|56|57|58|59|60|61|62|63|64|65|66|67|68|69|70|71|72|73|74|75|76|77|78|79|80|81|82|83|84|85|86|87|88|89|90|91|92|93|94|95|96|97|98|99|100|101|102|103|104|105|106|107|108|109|110|111|112|113|114|115|116|117|118|119,Pareto_RiverineX2017Barrier_Mate_1km.csv,9,1.346,202.4846,1,3280,Pareto_RiverineX2017Barrier.csv,9,1.346,202.4846,1,max,Pareto_RiverineX2017Barrier.csv,9,1.346,202.4846,1,max,Pareto_RiverineX2017Barrier.csv,9,1.346,202.4846,1,max,Pareto_RiverineX2017Barrier.csv,9,1.346,202.4846,1,max,stray_natalPop,Y,N,N,Y,4,1,N,6~6~1,0.0539,-6.313~-6.313~-33,2,mother,Y,1,linear,-445,3.78,80,0,N,10,2,2,0,random,N,Hindex_Step_0;1;1,0,packing,N,0,temperature,400,0.47,10.5,0.33,-0.075,packing_1,-0.6821,N,N
Patchvars/Four-two/PatchEBT415_suppression_4-2_47.csv,Y,2,1,120,1,cdpop,Sample,N,0|20|21|22|23|24|25|26|27|28|29|30|31|32|33|34|35|36|37|38|39|40|41|42|43|44|45|46|47|48|49|50|51|52|53|54|55|56|57|58|59|60|61|62|63|64|65|66|67|68|69|70|71|72|73|74|75|76|77|78|79|80|81|82|83|84|85|86|87|88|89|90|91|92|93|94|95|96|97|98|99|100|101|102|103|104|105|106|107|108|109|110|111|112|113|114|115|116|117|118|119,Pareto_RiverineX2017Barrier_Mate_1km.csv,9,1.346,202.4846,1,3280,Pareto_RiverineX2017Barrier.csv,9,1.346,202.4846,1,max,Pareto_RiverineX2017Barrier.csv,9,1.346,202.4846,1,max,Pareto_RiverineX2017Barrier.csv,9,1.346,202.4846,1,max,Pareto_RiverineX2017Barrier.csv,9,1.346,202.4846,1,max,stray_natalPop,Y,N,N,Y,4,1,N,6~6~1,0.0539,-6.313~-6.313~-33,2,mother,Y,1,linear,-445,3.78,80,0,N,10,2,2,0,random,N,Hindex_Step_0;1;1,0,packing,N,0,temperature,400,0.47,10.5,0.33,-0.075,packing_1,-0.6821,N,N
Patchvars/Four-two/PatchEBT415_suppression_4-2_48.csv,Y,2,1,120,1,cdpop,Sample,N,0|20|21|22|23|24|25|26|27|28|29|30|31|32|33|34|35|36|37|38|39|40|41|42|43|44|45|46|47|48|49|50|51|52|53|54|55|56|57|58|59|60|61|62|63|64|65|66|67|68|69|70|71|72|73|74|75|76|77|78|79|80|81|82|83|84|85|86|87|88|89|90|91|92|93|94|95|96|97|98|99|100|101|102|103|104|105|106|107|108|109|110|111|112|113|114|115|116|117|118|119,Pareto_RiverineX2017Barrier_Mate_1km.csv,9,1.346,202.4846,1,3280,Pareto_RiverineX2017Barrier.csv,9,1.346,202.4846,1,max,Pareto_RiverineX2017Barrier.csv,9,1.346,202.4846,1,max,Pareto_RiverineX2017Barrier.csv,9,1.346,202.4846,1,max,Pareto_RiverineX2017Barrier.csv,9,1.346,202.4846,1,max,stray_natalPop,Y,N,N,Y,4,1,N,6~6~1,0.0539,-6.313~-6.313~-33,2,mother,Y,1,linear,-445,3.78,80,0,N,10,2,2,0,random,N,Hindex_Step_0;1;1,0,packing,N,0,temperature,400,0.47,10.5,0.33,-0.075,packing_1,-0.6821,N,N
Patchvars/Four-two/PatchEBT415_suppression_4-2_49.csv,Y,2,1,120,1,cdpop,Sample,N,0|20|21|22|23|24|25|26|27|28|29|30|31|32|33|34|35|36|37|38|39|40|41|42|43|44|45|46|47|48|49|50|51|52|53|54|55|56|57|58|59|60|61|62|63|64|65|66|67|68|69|70|71|72|73|74|75|76|77|78|79|80|81|82|83|84|85|86|87|88|89|90|91|92|93|94|95|96|97|98|99|100|101|102|103|104|105|106|107|108|109|110|111|112|113|114|115|116|117|118|119,Pareto_RiverineX2017Barrier_Mate_1km.csv,9,1.346,202.4846,1,3280,Pareto_RiverineX2017Barrier.csv,9,1.346,202.4846,1,max,Pareto_RiverineX2017Barrier.csv,9,1.346,202.4846,1,max,Pareto_RiverineX2017Barrier.csv,9,1.346,202.4846,1,max,Pareto_RiverineX2017Barrier.csv,9,1.346,202.4846,1,max,stray_natalPop,Y,N,N,Y,4,1,N,6~6~1,0.0539,-6.313~-6.313~-33,2,mother,Y,1,linear,-445,3.78,80,0,N,10,2,2,0,random,N,Hindex_Step_0;1;1,0,packing,N,0,temperature,400,0.47,10.5,0.33,-0.075,packing_1,-0.6821,N,N
Patchvars/Four-two/PatchEBT415_suppression_4-2_50.csv,Y,2,1,120,1,cdpop,Sample,N,0|20|21|22|23|24|25|26|27|28|29|30|31|32|33|34|35|36|37|38|39|40|41|42|43|44|45|46|47|48|49|50|51|52|53|54|55|56|57|58|59|60|61|62|63|64|65|66|67|68|69|70|71|72|73|74|75|76|77|78|79|80|81|82|83|84|85|86|87|88|89|90|91|92|93|94|95|96|97|98|99|100|101|102|103|104|105|106|107|108|109|110|111|112|113|114|115|116|117|118|119,Pareto_RiverineX2017Barrier_Mate_1km.csv,9,1.346,202.4846,1,3280,Pareto_RiverineX2017Barrier.csv,9,1.346,202.4846,1,max,Pareto_RiverineX2017Barrier.csv,9,1.346,202.4846,1,max,Pareto_RiverineX2017Barrier.csv,9,1.346,202.4846,1,max,Pareto_RiverineX2017Barrier.csv,9,1.346,202.4846,1,max,stray_natalPop,Y,N,N,Y,4,1,N,6~6~1,0.0539,-6.313~-6.313~-33,2,mother,Y,1,linear,-445,3.78,80,0,N,10,2,2,0,random,N,Hindex_Step_0;1;1,0,packing,N,0,temperature,400,0.47,10.5,0.33,-0.075,packing_1,-0.6821,N,N
