xyfilename,sizecontrol,constMortans,mcruns,runtime,output_years,gridformat,gridsampling,summaryOutput,cdclimgentime,mate_cdmat,matemoveno,matemoveparA,matemoveparB,matemoveparC,matemovethresh,migrateout_cdmat,migratemoveOutno,migratemoveOutparA,migratemoveOutparB,migratemoveOutparC,migratemoveOutthresh,migrateback_cdmat,migratemoveBackno,migratemoveBackparA,migratemoveBackparB,migratemoveBackparC,migratemoveBackthresh,stray_cdmat,StrayBackno,StrayBackparA,StrayBackparB,StrayBackparC,StrayBackthresh,disperseLocal_cdmat,disperseLocalno,disperseLocalparA,disperseLocalparB,disperseLocalparC,disperseLocalthresh,HomeAttempt,sexans,selfans,Freplace,Mreplace,AssortativeMate_Model,AssortativeMate_Factor,mature_length_set,mature_defaultAge,mature_eqn_slope,mature_eqn_int,offno,offans_InheritClassVars,equalClutchSize,eggFrequency,Egg_Mean_ans,Egg_Mean_par1,Egg_Mean_par2,Egg_Mortality,Egg_Mortality_StDev,Egg_FemalePercent,startGenes,loci,alleles,muterate,mutationtype,mtdna,cdevolveans,startSelection,implementSelection,cdinfect,transmissionprob,growth_option,growth_Loo,growth_R0,growth_temp_max,growth_temp_CV,growth_temp_t0,popmodel,popmodel_par1,correlation_matrix,subpopmort_file
patchvars/PatchVars_YYs.csv,Y,1,1,10,2,structure,N,N,0|1|4,cdmats/Patch7_Probmatrix_onewayBarriers_v2.csv,9,1,0.01,0.01,max,N,9~9,0,0,0,max~max,cdmats/Patch7_Probmatrix_onewayBarriersXRiverine.csv,9~9,0,0,0,25max~max|50max~max|max~max,cdmats/Patch7_Probmatrix_onewayBarriersXRiverine.csv,9,1,0.01,0.01,max,cdmats/Patch7_Cdmatrix.csv,10,0.01,0.01,0,max,stray_emiPop,Y,N,Y,Y,1,1,N~N,6~6~3,0.13~0.06,-20.28~-8.09,2,random,Y,1,exp,126.07,0.0061,62,18,N,0,2,4,0,random,N,N,0,Eggs,N,1.5,temperature,250~220~200,0.57~0.57,12~12~13,0.25~0.25~0.25,-0.196~-0.196,packing_1,-0.6821,N,N
patchvars/PatchVars_logmodel.csv,Y,1,1,10,0|1|4|5|9,cdpop,Sample,Y,0,cdmats/Patch7_Probmatrix_onewayBarriersXRiverine.csv,9,1,0.01,0.01,max,cdmats/Patch7_Probmatrix_onewayBarriersXRiverine.csv,9,0,0,0,max~max,cdmats/Patch7_Probmatrix_onewayBarriersXRiverine.csv,9,0,0,0,max~max,cdmats/Patch7_Probmatrix_onewayBarriersXRiverine.csv,9,1,0.01,0.01,max,N,10,0.01,0.01,0,max,stray_emiPop,Y,N,Y,Y,1,1,N~N,6,0.13~0.06,-20.28~-8.09,2,random,Y,1,exp,126.07,0.0061,62,18,N,0,2,4,0,random,N,N,0,Eggs,N,1.5,temperature,250,0.57,12,0.25,-0.196,logistic,-0.6821,N,N
patchvars/PatchVars.csv,Y,1,1,10,1,cdpop,N,N,0|1,cdmats/Patch7_Cdmatrix.csv,10,1.346,202.4846,1,6000,N,10~10,1.346,202.4846,1,max~max,cdmats/Patch7_Cdmatrix.csv,10~10,1.346,202.4846,1,max~max,cdmats/Patch7_Cdmatrix.csv,10,0.01,0.01,0,max,cdmats/Patch7_Cdmatrix.csv,10,0.01,0.01,0,max,mortality,Y,N,Y,Y,1,1,N~N,6,0.13~0.06,-20.28~-8.09,2,random,Y,1,exp,126.07,0.0061,62,18,N,0,2,2,0,random,N,Hindex_Step_0;0.25;1,0,Eggs;Out,N,1.5,temperature,250,0.57,12,0.25,-0.196,packing,-0.6821,N,N|otherfiles/3popmort_PhaseII.csv
patchvars/PatchVars.csv,Y,1,1,10,0|1|4|5|9,cdpop,Sample,Y,0,cdmats/Patch7_Probmatrix_onewayBarriersXRiverine.csv,9,1,0.01,0.01,max,cdmats/Patch7_Probmatrix_onewayBarriersXRiverine.csv,9,0,0,0,max~max,cdmats/Patch7_Probmatrix_onewayBarriersXRiverine.csv,9,0,0,0,max~max,cdmats/Patch7_Probmatrix_onewayBarriersXRiverine.csv,9,1,0.01,0.01,max,cdmats/Patch7_Cdmatrix.csv,10,0.01,0.01,0,max,stray_emiPop,Y,N,Y,Y,1,1,N~N,6,0.13~0.06,-20.28~-8.09,2,random,Y,1,exp,126.07,0.0061,62,18,N,0,2,4,0,random,N,N,0,Eggs,N,1.5,temperature,250,0.57,12,0.25,-0.196,packing,-0.6821,otherfiles/Patch_r.csv,N
patchvars/PatchVars_MultiClassVars.csv,Y,1,1,10,1,cdpop,N,N,0|1,cdmats/Patch7_Probmatrix_onewayBarriersXRiverine.csv,6,1,1,1,2000,cdmats/Patch7_Probmatrix_onewayBarriersXRiverine.csv,9,0,0,0,max~max,cdmats/Patch7_Probmatrix_onewayBarriersXRiverine.csv,9,0,0,0,max~max,cdmats/Patch7_Probmatrix_onewayBarriersXRiverine.csv,9,1,1,1,max,cdmats/Patch7_Cdmatrix.csv,10,0.01,0.01,0,max,stray_natalPop,Y,N,Y,Y,1,1,N~N,6,0.01704~0.01704,-6.04431~-6.04431,2,Hindex,N,1,exp,126.07,0.0061,60,2.5,N,0,3,5,0,random,N,Hindex_Gauss_8;10;0.5;0.2;0.1;0.9,0,Eggs;Out,N,1.5,temperature_hindex,567;1134,0.75,12,0.34,-0.2,packing,-0.6821,N,N
patchvars/PatchVars_climate.csv,Y,1,2,10,5,cdpop,N,N,0|1|8,cdmats/Patch7_Cdmatrix.csv|cdmats/Patch7_Cdmatrix.csv|cdmats/Patch7_Cdmatrix.csv,1,1,0.01,0.01,5000,cdmats/Patch7_Cdmatrix.csv,10,1.346,202.4846,1,25max~50max,cdmats/Patch7_Cdmatrix.csv,10,1.346,202.4846,1,25max~max|50max~max|max~max,cdmats/Patch7_Cdmatrix.csv,9,1,0.01,0.01,max,cdmats/Patch7_Cdmatrix.csv,10,0.01,0.01,0,max,mortality,N,Y,Y,Y,1,1,134~156,6,0.13~0.06,-20.28~-8.09,2,random,Y,1,exp,126.07,0.0061,62,18,N,0,20,5,0,random,N,N,0,Out,N,1.5,temperature,250,0.57,12,0.25,-0.196,N,-0.6821,N,N
patchvars/PatchVars_IntroducePopulation.csv,Y,1,2,10,1,cdpop,N,N,0|2,cdmats/Patch7_Probmatrix_onewayBarriersXRiverine.csv,6,1,0.01,0.01,max,cdmats/Patch7_Probmatrix_onewayBarriersXRiverine.csv,9,0,0,0,max~max,cdmats/Patch7_Probmatrix_onewayBarriersXRiverine.csv,9,0,0,0,max~max,cdmats/Patch7_Probmatrix_onewayBarriersXRiverine.csv,9,1,0.01,0.01,max,cdmats/Patch7_Cdmatrix.csv,10,0.01,0.01,0,max,stray_emiPop,Y,N,Y,Y,1,1,N~N,6,0.13~0.06,-20.28~-8.09,2,random,Y,1,exp,126.07,0.0061,62,18,N,0,10,5,0,random,N,N,0,Out;Back;Eggs,N,1.5,temperature,250,0.57,12,0.25,-0.196,packing,-0.6821,otherfiles/Patch_r.csv,N
patchvars/PatchVars_MultiClassVars.csv,Y,1,1,10,1,genepop,N,N,0|1,cdmats/Patch7_Probmatrix_onewayBarriersXRiverine.csv,6,1,1,1,2000,N,9,0,0,0,max~max,cdmats/Patch7_Probmatrix_onewayBarriersXRiverine.csv,9,0,0,0,max~max,cdmats/Patch7_Probmatrix_onewayBarriersXRiverine.csv,9,1,1,1,max,cdmats/Patch7_Cdmatrix.csv,10,0.01,0.01,0,max,stray_natalPop,Y,N,Y,Y,1,1,N~N,6,0.01704~0.01704,0.01704~0.01704,2,Hindex,N,1,exp,126.07,0.0061,60,2.5,N,0,3,5,0,random,N,Hindex_Para_1;0.5;0,0,Eggs;Out,N,1.5,temperature_hindex,567;1134,0.75,12,0.34,-0.2,packing,-0.6821,N,N
