Age class,Body Size Mean (mm),Body Size Std (mm),Distribution,Sex Ratio,Age Mortality Out %,Age Mortality Out StDev,Age Mortality Back %,Age Mortality Back StDev,Size Mortality Out %,Size Mortality Out StDev,Size Mortality Back %,Size Mortaltiy Back StDev,Migration,Straying,Maturation,Fecundity_mu,Fecundity_sigma,Capture Out Probability,Capture Back Probability
0,40,5,1,50~50~0,0,0,10,0,15,0,20,0,0,0,0,0,0,0,0
1,60,5,1,50~50~0,0,0,10,0,15,0,20,0,0,0,0,0,0,0.25,0.25
2,80,5,1,50~50~0,0,0,10,0,15,0,20,0,0.1,0.01,1,100,50,0.75,0.75
3,100,5,1,50~50~0,0,0,10,0,15,0,20,0,0.2,0.01,1,100,50,1,1
4,120,5,1,50~50~0,0,0,10,0,15,0,20,0,0.3,0.01,1,100,50,1,1
5,150,5,1,50~50~0,0,0,10,0,15,0,20,0,0.4,0.01,1,100,50,1,1
6,180,5,1,50~50~0,0,0,10,0,15,0,20,0,0.5,0.01,1,100,50,1,1
7,210,5,1,50~50~0,50,0,10,0,15,0,20,0,0.5,0.01,1,100,50,1,1
