PatchID,X,Y,SubPatchID,K,K StDev,N0,Natal Grounds,Migration Grounds,Genes Initialize,Class Vars,Mortality Out %,Mortality Out StDev,Mortality Back,Mortality Back StDev,Mortality Eggs,Mortality Eggs StDev,Migration,Set Migration,Straying,GrowthTemperatureOut,GrowthTemperatureOutStDev,GrowDaysOut,GrowDaysOutStDev,GrowthTemperatureBack,GrowthTemperatureBackStDev,GrowDaysBack,GrowDaysBackStDev,Capture Probability Out,Capture Probability Back,Fitness_AA,Fitness_Aa,Fitness_aa,Fitness_BB,Fitness_Bb,Fitness_bb,Fitness_AABB,Fitness_AaBB,Fitness_aaBB,Fitness_AABb,Fitness_AaBb,Fitness_aaBb,Fitness_AAbb,Fitness_Aabb,Fitness_aabb
1,2540470.832,712452.2021,1,130,20,65,1,0,genes/allelefrequencyBT.csv;genes/allelefrequencyDV.csv,classvars/ClassVars_BT.csv;classvars/ClassVars_DV.csv,0,0,5,0,0,0,1,Y,1,1,0.2,150,20,8,0,150,20,N,0.5,0.05,0.01,0,0,0,0,0,100,0,100,0,100,0,100,0
2,2536859.926,708059.4624,1,255,10,127,1,1,genes/allelefrequencyBT.csv;genes/allelefrequencyDV.csv,classvars/ClassVars_BT.csv;classvars/ClassVars_DV.csv,0,0,5,0,0,0,1,Y,1,2,0.2,150,20,9,0,150,20,N,0.5,0.05,0.01,0,0,0,0,0,100,0,100,0,100,0,100,0
3,2532969.44,705413.5711,2,236,30,100,1,0,genes/allelefrequencyBT.csv;genes/allelefrequencyDV.csv,classvars/ClassVars_BT.csv;classvars/ClassVars_DV.csv,0,0,5,0,0,0,1,Y,1,3,0.1,150,20,10,0,150,20,N,0.5,0.05,0.01,0,0,0,0,0,100,0,100,0,100,0,100,0
4,2539041.489,728416.6747,2,100,5,34,1,1,genes/allelefrequencyBT.csv;genes/allelefrequencyDV.csv,classvars/ClassVars_BT.csv;classvars/ClassVars_DV.csv,0,0,5,0,0,0,1,Y,1,4,1,150,20,11,0,150,20,N,0.5,0.05,0.01,0,0,0,0,0,100,0,100,0,100,0,100,0
5,2535011.582,720257.8531,3,143,10,71,1,0,genes/allelefrequencyBT.csv;genes/allelefrequencyDV.csv,classvars/ClassVars_BT.csv;classvars/ClassVars_DV.csv,0,0,5,0,0,0,1,Y,1,5,0.4,150,20,12,0,150,20,N,0.5,0.05,0.01,0,0,0,0,0,100,0,100,0,100,0,100,0
6,2545325.475,726552.0418,3,119,10,59,1,1,genes/allelefrequencyBT.csv;genes/allelefrequencyDV.csv,classvars/ClassVars_BT.csv;classvars/ClassVars_DV.csv,0,0,5,0,0,0,1,Y,1,6,0.2,150,20,13,0,150,20,N,0.5,0.05,0.01,0,0,0,0,0,100,0,100,0,100,0,100,0
7,2527429.642,708511.8011,4,158,10,79,1,0,genes/allelefrequencyBT.csv;genes/allelefrequencyDV.csv,classvars/ClassVars_BT.csv;classvars/ClassVars_DV.csv,0,0,5,0,0,0,1,Y,1,7,0,150,0,14,0,150,0,N,0.5,0.05,0.01,0,0,0,0,0,100,0,100,0,100,0,100,0
